,name,value
0,device,cuda:0
1,parameters bytes,45333600
2,number parameters,11333400
3,training duration,2126.0828063488007
4,training evaluation duration,42.759401082992554
5,validation evaluation duration,11.92518162727356
6,testing evaluation duration,14.935893774032593
7,Operating system name,Linux
8,Operating system version,3.10.0-1160.83.1.el7.x86_64
9,Processor architecture,x86_64
10,Python version,"3.10.9 (main, Mar  8 2023, 10:47:38) [GCC 11.2.0]"
11,Processor model name,Intel(R) Xeon(R) Gold 6130 CPU @ 2.10GHz
12,Number cpu cores,32
13,Total physical memory,99980709888
14,GPU,Tesla T4
15,loss,<class 'pykeen.losses.NSSALoss'>
16,embedding_dim,200
17,learning_rate,0.01
18,optimizer,<class 'torch.optim.adam.Adam'>
19,num_epochs,2000
20,patience,20
