{"data":[{"traceID":"29c16315e0bc7b29","spans":[{"traceID":"29c16315e0bc7b29","spanID":"29c16315e0bc7b29","flags":1,"operationName":"/api/services/{service}/operations","references":[],"startTime":1675374043770084,"duration":112,"tags":[{"key":"sampler.type","type":"string","value":"const"},{"key":"sampler.param","type":"bool","value":true},{"key":"span.kind","type":"string","value":"server"},{"key":"http.method","type":"string","value":"GET"},{"key":"http.url","type":"string","value":"/api/services/nginx-web-server/operations"},{"key":"component","type":"string","value":"net/http"},{"key":"http.status_code","type":"int64","value":200},{"key":"internal.span.format","type":"string","value":"proto"}],"logs":[],"processID":"p1","warnings":null}],"processes":{"p1":{"serviceName":"jaeger-query","tags":[{"key":"client-uuid","type":"string","value":"543846c092c6bca4"},{"key":"hostname","type":"string","value":"jaeger-agent-f66f46497-8zm9k"},{"key":"ip","type":"string","value":"10.131.0.124"},{"key":"jaeger.version","type":"string","value":"Go-2.30.0"}]}},"warnings":null},{"traceID":"7444d9f0c08ba3cf","spans":[{"traceID":"7444d9f0c08ba3cf","spanID":"7444d9f0c08ba3cf","flags":1,"operationName":"/api/metrics/calls","references":[],"startTime":1675373885595912,"duration":111,"tags":[{"key":"sampler.type","type":"string","value":"const"},{"key":"sampler.param","type":"bool","value":true},{"key":"span.kind","type":"string","value":"server"},{"key":"http.method","type":"string","value":"GET"},{"key":"http.url","type":"string","value":"/api/metrics/calls?service=nginx-web-server\u0026endTs=1675373884717\u0026groupByOperation=true\u0026lookback=3600000\u0026quantile=0.95\u0026ratePer=600000\u0026step=60000"},{"key":"component","type":"string","value":"net/http"},{"key":"http.status_code","type":"int64","value":501},{"key":"error","type":"bool","value":true},{"key":"internal.span.format","type":"string","value":"proto"}],"logs":[],"processID":"p1","warnings":null}],"processes":{"p1":{"serviceName":"jaeger-query","tags":[{"key":"client-uuid","type":"string","value":"543846c092c6bca4"},{"key":"hostname","type":"string","value":"jaeger-agent-f66f46497-8zm9k"},{"key":"ip","type":"string","value":"10.131.0.124"},{"key":"jaeger.version","type":"string","value":"Go-2.30.0"}]}},"warnings":null},{"traceID":"36360748e4d6a7a5","spans":[{"traceID":"36360748e4d6a7a5","spanID":"36360748e4d6a7a5","flags":1,"operationName":"/api/services","references":[],"startTime":1675373893211237,"duration":1479565,"tags":[{"key":"sampler.type","type":"string","value":"const"},{"key":"sampler.param","type":"bool","value":true},{"key":"span.kind","type":"string","value":"server"},{"key":"http.method","type":"string","value":"GET"},{"key":"http.url","type":"string","value":"/api/services"},{"key":"component","type":"string","value":"net/http"},{"key":"http.status_code","type":"int64","value":200},{"key":"internal.span.format","type":"string","value":"proto"}],"logs":[],"processID":"p1","warnings":null}],"processes":{"p1":{"serviceName":"jaeger-query","tags":[{"key":"client-uuid","type":"string","value":"543846c092c6bca4"},{"key":"hostname","type":"string","value":"jaeger-agent-f66f46497-8zm9k"},{"key":"ip","type":"string","value":"10.131.0.124"},{"key":"jaeger.version","type":"string","value":"Go-2.30.0"}]}},"warnings":null},{"traceID":"2fdc5843e4a3e64f","spans":[{"traceID":"2fdc5843e4a3e64f","spanID":"2fdc5843e4a3e64f","flags":1,"operationName":"/api/services","references":[],"startTime":1675376582047836,"duration":221,"tags":[{"key":"sampler.type","type":"string","value":"const"},{"key":"sampler.param","type":"bool","value":true},{"key":"span.kind","type":"string","value":"server"},{"key":"http.method","type":"string","value":"GET"},{"key":"http.url","type":"string","value":"/api/services"},{"key":"component","type":"string","value":"net/http"},{"key":"http.status_code","type":"int64","value":200},{"key":"internal.span.format","type":"string","value":"proto"}],"logs":[],"processID":"p1","warnings":null}],"processes":{"p1":{"serviceName":"jaeger-query","tags":[{"key":"client-uuid","type":"string","value":"543846c092c6bca4"},{"key":"hostname","type":"string","value":"jaeger-agent-f66f46497-8zm9k"},{"key":"ip","type":"string","value":"10.131.0.124"},{"key":"jaeger.version","type":"string","value":"Go-2.30.0"}]}},"warnings":null},{"traceID":"54df1dc56c73cbac","spans":[{"traceID":"54df1dc56c73cbac","spanID":"54df1dc56c73cbac","flags":1,"operationName":"/api/services/{service}/operations","references":[],"startTime":1675376934832093,"duration":204,"tags":[{"key":"sampler.type","type":"string","value":"const"},{"key":"sampler.param","type":"bool","value":true},{"key":"span.kind","type":"string","value":"server"},{"key":"http.method","type":"string","value":"GET"},{"key":"http.url","type":"string","value":"/api/services/nginx-web-server/operations"},{"key":"component","type":"string","value":"net/http"},{"key":"http.status_code","type":"int64","value":200},{"key":"internal.span.format","type":"string","value":"proto"}],"logs":[],"processID":"p1","warnings":null}],"processes":{"p1":{"serviceName":"jaeger-query","tags":[{"key":"client-uuid","type":"string","value":"543846c092c6bca4"},{"key":"hostname","type":"string","value":"jaeger-agent-f66f46497-8zm9k"},{"key":"ip","type":"string","value":"10.131.0.124"},{"key":"jaeger.version","type":"string","value":"Go-2.30.0"}]}},"warnings":null},{"traceID":"14e95e8d623fa64d","spans":[{"traceID":"14e95e8d623fa64d","spanID":"14e95e8d623fa64d","flags":1,"operationName":"/api/metrics/errors","references":[],"startTime":1675373884797680,"duration":93,"tags":[{"key":"sampler.type","type":"string","value":"const"},{"key":"sampler.param","type":"bool","value":true},{"key":"span.kind","type":"string","value":"server"},{"key":"http.method","type":"string","value":"GET"},{"key":"http.url","type":"string","value":"/api/metrics/errors?service=nginx-web-server\u0026endTs=1675373884022\u0026lookback=3600000\u0026quantile=0.95\u0026ratePer=600000\u0026step=60000"},{"key":"component","type":"string","value":"net/http"},{"key":"http.status_code","type":"int64","value":501},{"key":"error","type":"bool","value":true},{"key":"internal.span.format","type":"string","value":"proto"}],"logs":[],"processID":"p1","warnings":null}],"processes":{"p1":{"serviceName":"jaeger-query","tags":[{"key":"client-uuid","type":"string","value":"543846c092c6bca4"},{"key":"hostname","type":"string","value":"jaeger-agent-f66f46497-8zm9k"},{"key":"ip","type":"string","value":"10.131.0.124"},{"key":"jaeger.version","type":"string","value":"Go-2.30.0"}]}},"warnings":null},{"traceID":"780a8110413bfce9","spans":[{"traceID":"780a8110413bfce9","spanID":"780a8110413bfce9","flags":1,"operationName":"/api/services","references":[],"startTime":1675379373175806,"duration":40,"tags":[{"key":"sampler.type","type":"string","value":"const"},{"key":"sampler.param","type":"bool","value":true},{"key":"span.kind","type":"string","value":"server"},{"key":"http.method","type":"string","value":"GET"},{"key":"http.url","type":"string","value":"/api/services"},{"key":"component","type":"string","value":"net/http"},{"key":"http.status_code","type":"int64","value":200},{"key":"internal.span.format","type":"string","value":"proto"}],"logs":[],"processID":"p1","warnings":null}],"processes":{"p1":{"serviceName":"jaeger-query","tags":[{"key":"client-uuid","type":"string","value":"543846c092c6bca4"},{"key":"hostname","type":"string","value":"jaeger-agent-f66f46497-8zm9k"},{"key":"ip","type":"string","value":"10.131.0.124"},{"key":"jaeger.version","type":"string","value":"Go-2.30.0"}]}},"warnings":null},{"traceID":"41412d24aabd7f0f","spans":[{"traceID":"41412d24aabd7f0f","spanID":"41412d24aabd7f0f","flags":1,"operationName":"/api/metrics/latencies","references":[],"startTime":1675373884193989,"duration":138,"tags":[{"key":"sampler.type","type":"string","value":"const"},{"key":"sampler.param","type":"bool","value":true},{"key":"span.kind","type":"string","value":"server"},{"key":"http.method","type":"string","value":"GET"},{"key":"http.url","type":"string","value":"/api/metrics/latencies?service=nginx-web-server\u0026endTs=1675373883928\u0026lookback=3600000\u0026quantile=0.75\u0026ratePer=600000\u0026step=60000"},{"key":"component","type":"string","value":"net/http"},{"key":"http.status_code","type":"int64","value":501},{"key":"error","type":"bool","value":true},{"key":"internal.span.format","type":"string","value":"proto"}],"logs":[],"processID":"p1","warnings":null}],"processes":{"p1":{"serviceName":"jaeger-query","tags":[{"key":"client-uuid","type":"string","value":"543846c092c6bca4"},{"key":"hostname","type":"string","value":"jaeger-agent-f66f46497-8zm9k"},{"key":"ip","type":"string","value":"10.131.0.124"},{"key":"jaeger.version","type":"string","value":"Go-2.30.0"}]}},"warnings":null},{"traceID":"7120236db2ad71ce","spans":[{"traceID":"7120236db2ad71ce","spanID":"7120236db2ad71ce","flags":1,"operationName":"/api/services","references":[],"startTime":1675373945851320,"duration":471,"tags":[{"key":"sampler.type","type":"string","value":"const"},{"key":"sampler.param","type":"bool","value":true},{"key":"span.kind","type":"string","value":"server"},{"key":"http.method","type":"string","value":"GET"},{"key":"http.url","type":"string","value":"/api/services"},{"key":"component","type":"string","value":"net/http"},{"key":"http.status_code","type":"int64","value":200},{"key":"internal.span.format","type":"string","value":"proto"}],"logs":[],"processID":"p1","warnings":null}],"processes":{"p1":{"serviceName":"jaeger-query","tags":[{"key":"client-uuid","type":"string","value":"543846c092c6bca4"},{"key":"hostname","type":"string","value":"jaeger-agent-f66f46497-8zm9k"},{"key":"ip","type":"string","value":"10.131.0.124"},{"key":"jaeger.version","type":"string","value":"Go-2.30.0"}]}},"warnings":null},{"traceID":"2cb8fab9f48b57ba","spans":[{"traceID":"2cb8fab9f48b57ba","spanID":"2cb8fab9f48b57ba","flags":1,"operationName":"/api/traces","references":[],"startTime":1675378236284837,"duration":64,"tags":[{"key":"sampler.type","type":"string","value":"const"},{"key":"sampler.param","type":"bool","value":true},{"key":"span.kind","type":"string","value":"server"},{"key":"http.method","type":"string","value":"GET"},{"key":"http.url","type":"string","value":"/api/traces?limit=20000\u0026service="},{"key":"component","type":"string","value":"net/http"},{"key":"http.status_code","type":"int64","value":400},{"key":"internal.span.format","type":"string","value":"proto"}],"logs":[],"processID":"p1","warnings":null}],"processes":{"p1":{"serviceName":"jaeger-query","tags":[{"key":"client-uuid","type":"string","value":"543846c092c6bca4"},{"key":"hostname","type":"string","value":"jaeger-agent-f66f46497-8zm9k"},{"key":"ip","type":"string","value":"10.131.0.124"},{"key":"jaeger.version","type":"string","value":"Go-2.30.0"}]}},"warnings":null},{"traceID":"682c984d9ad575d1","spans":[{"traceID":"682c984d9ad575d1","spanID":"682c984d9ad575d1","flags":1,"operationName":"/api/services/{service}/operations","references":[],"startTime":1675376764846759,"duration":145,"tags":[{"key":"sampler.type","type":"string","value":"const"},{"key":"sampler.param","type":"bool","value":true},{"key":"span.kind","type":"string","value":"server"},{"key":"http.method","type":"string","value":"GET"},{"key":"http.url","type":"string","value":"/api/services/nginx-web-server/operations"},{"key":"component","type":"string","value":"net/http"},{"key":"http.status_code","type":"int64","value":200},{"key":"internal.span.format","type":"string","value":"proto"}],"logs":[],"processID":"p1","warnings":null}],"processes":{"p1":{"serviceName":"jaeger-query","tags":[{"key":"client-uuid","type":"string","value":"543846c092c6bca4"},{"key":"hostname","type":"string","value":"jaeger-agent-f66f46497-8zm9k"},{"key":"ip","type":"string","value":"10.131.0.124"},{"key":"jaeger.version","type":"string","value":"Go-2.30.0"}]}},"warnings":null},{"traceID":"5ae699218c5cd1f9","spans":[{"traceID":"5ae699218c5cd1f9","spanID":"5ae699218c5cd1f9","flags":1,"operationName":"/api/metrics/latencies","references":[],"startTime":1675373884473510,"duration":119,"tags":[{"key":"sampler.type","type":"string","value":"const"},{"key":"sampler.param","type":"bool","value":true},{"key":"span.kind","type":"string","value":"server"},{"key":"http.method","type":"string","value":"GET"},{"key":"http.url","type":"string","value":"/api/metrics/latencies?service=nginx-web-server\u0026endTs=1675373883928\u0026groupByOperation=true\u0026lookback=3600000\u0026quantile=0.95\u0026ratePer=600000\u0026step=60000"},{"key":"component","type":"string","value":"net/http"},{"key":"http.status_code","type":"int64","value":501},{"key":"error","type":"bool","value":true},{"key":"internal.span.format","type":"string","value":"proto"}],"logs":[],"processID":"p1","warnings":null}],"processes":{"p1":{"serviceName":"jaeger-query","tags":[{"key":"client-uuid","type":"string","value":"543846c092c6bca4"},{"key":"hostname","type":"string","value":"jaeger-agent-f66f46497-8zm9k"},{"key":"ip","type":"string","value":"10.131.0.124"},{"key":"jaeger.version","type":"string","value":"Go-2.30.0"}]}},"warnings":null},{"traceID":"5dcb83e41fa35d7f","spans":[{"traceID":"5dcb83e41fa35d7f","spanID":"5dcb83e41fa35d7f","flags":1,"operationName":"/api/services","references":[],"startTime":1675378181838608,"duration":42,"tags":[{"key":"sampler.type","type":"string","value":"const"},{"key":"sampler.param","type":"bool","value":true},{"key":"span.kind","type":"string","value":"server"},{"key":"http.method","type":"string","value":"GET"},{"key":"http.url","type":"string","value":"/api/services"},{"key":"component","type":"string","value":"net/http"},{"key":"http.status_code","type":"int64","value":200},{"key":"internal.span.format","type":"string","value":"proto"}],"logs":[],"processID":"p1","warnings":null}],"processes":{"p1":{"serviceName":"jaeger-query","tags":[{"key":"client-uuid","type":"string","value":"543846c092c6bca4"},{"key":"hostname","type":"string","value":"jaeger-agent-f66f46497-8zm9k"},{"key":"ip","type":"string","value":"10.131.0.124"},{"key":"jaeger.version","type":"string","value":"Go-2.30.0"}]}},"warnings":null},{"traceID":"42dcfef7e21f5924","spans":[{"traceID":"42dcfef7e21f5924","spanID":"42dcfef7e21f5924","flags":1,"operationName":"/api/metrics/calls","references":[],"startTime":1675373885574709,"duration":490,"tags":[{"key":"sampler.type","type":"string","value":"const"},{"key":"sampler.param","type":"bool","value":true},{"key":"span.kind","type":"string","value":"server"},{"key":"http.method","type":"string","value":"GET"},{"key":"http.url","type":"string","value":"/api/metrics/calls?service=nginx-web-server\u0026endTs=1675373884717\u0026lookback=3600000\u0026quantile=0.95\u0026ratePer=600000\u0026step=60000"},{"key":"component","type":"string","value":"net/http"},{"key":"http.status_code","type":"int64","value":501},{"key":"error","type":"bool","value":true},{"key":"internal.span.format","type":"string","value":"proto"}],"logs":[],"processID":"p1","warnings":null}],"processes":{"p1":{"serviceName":"jaeger-query","tags":[{"key":"client-uuid","type":"string","value":"543846c092c6bca4"},{"key":"hostname","type":"string","value":"jaeger-agent-f66f46497-8zm9k"},{"key":"ip","type":"string","value":"10.131.0.124"},{"key":"jaeger.version","type":"string","value":"Go-2.30.0"}]}},"warnings":null},{"traceID":"79d045f4790c0a95","spans":[{"traceID":"79d045f4790c0a95","spanID":"79d045f4790c0a95","flags":1,"operationName":"/api/metrics/latencies","references":[],"startTime":1675373884720300,"duration":138,"tags":[{"key":"sampler.type","type":"string","value":"const"},{"key":"sampler.param","type":"bool","value":true},{"key":"span.kind","type":"string","value":"server"},{"key":"http.method","type":"string","value":"GET"},{"key":"http.url","type":"string","value":"/api/metrics/latencies?service=nginx-web-server\u0026endTs=1675373884022\u0026lookback=3600000\u0026quantile=0.5\u0026ratePer=600000\u0026step=60000"},{"key":"component","type":"string","value":"net/http"},{"key":"http.status_code","type":"int64","value":501},{"key":"error","type":"bool","value":true},{"key":"internal.span.format","type":"string","value":"proto"}],"logs":[],"processID":"p1","warnings":null}],"processes":{"p1":{"serviceName":"jaeger-query","tags":[{"key":"client-uuid","type":"string","value":"543846c092c6bca4"},{"key":"hostname","type":"string","value":"jaeger-agent-f66f46497-8zm9k"},{"key":"ip","type":"string","value":"10.131.0.124"},{"key":"jaeger.version","type":"string","value":"Go-2.30.0"}]}},"warnings":null},{"traceID":"2f5f6e7b539a48aa","spans":[{"traceID":"2f5f6e7b539a48aa","spanID":"2f5f6e7b539a48aa","flags":1,"operationName":"/api/services/{service}/operations","references":[],"startTime":1675376710187094,"duration":200,"tags":[{"key":"sampler.type","type":"string","value":"const"},{"key":"sampler.param","type":"bool","value":true},{"key":"span.kind","type":"string","value":"server"},{"key":"http.method","type":"string","value":"GET"},{"key":"http.url","type":"string","value":"/api/services/social-graph-service/operations"},{"key":"component","type":"string","value":"net/http"},{"key":"http.status_code","type":"int64","value":200},{"key":"internal.span.format","type":"string","value":"proto"}],"logs":[],"processID":"p1","warnings":null}],"processes":{"p1":{"serviceName":"jaeger-query","tags":[{"key":"client-uuid","type":"string","value":"543846c092c6bca4"},{"key":"hostname","type":"string","value":"jaeger-agent-f66f46497-8zm9k"},{"key":"ip","type":"string","value":"10.131.0.124"},{"key":"jaeger.version","type":"string","value":"Go-2.30.0"}]}},"warnings":null},{"traceID":"7366f9c2b86fdc75","spans":[{"traceID":"7366f9c2b86fdc75","spanID":"7366f9c2b86fdc75","flags":1,"operationName":"/api/metrics/latencies","references":[],"startTime":1675373885586114,"duration":114,"tags":[{"key":"sampler.type","type":"string","value":"const"},{"key":"sampler.param","type":"bool","value":true},{"key":"span.kind","type":"string","value":"server"},{"key":"http.method","type":"string","value":"GET"},{"key":"http.url","type":"string","value":"/api/metrics/latencies?service=nginx-web-server\u0026endTs=1675373884717\u0026groupByOperation=true\u0026lookback=3600000\u0026quantile=0.95\u0026ratePer=600000\u0026step=60000"},{"key":"component","type":"string","value":"net/http"},{"key":"http.status_code","type":"int64","value":501},{"key":"error","type":"bool","value":true},{"key":"internal.span.format","type":"string","value":"proto"}],"logs":[],"processID":"p1","warnings":null}],"processes":{"p1":{"serviceName":"jaeger-query","tags":[{"key":"client-uuid","type":"string","value":"543846c092c6bca4"},{"key":"hostname","type":"string","value":"jaeger-agent-f66f46497-8zm9k"},{"key":"ip","type":"string","value":"10.131.0.124"},{"key":"jaeger.version","type":"string","value":"Go-2.30.0"}]}},"warnings":null},{"traceID":"091af4c6b5b6c309","spans":[{"traceID":"091af4c6b5b6c309","spanID":"091af4c6b5b6c309","flags":1,"operationName":"/api/traces","references":[],"startTime":1675376703011402,"duration":469478,"tags":[{"key":"sampler.type","type":"string","value":"const"},{"key":"sampler.param","type":"bool","value":true},{"key":"span.kind","type":"string","value":"server"},{"key":"http.method","type":"string","value":"GET"},{"key":"http.url","type":"string","value":"/api/traces?end=1675376702844000\u0026limit=20\u0026lookback=1h\u0026maxDuration\u0026minDuration\u0026service=nginx-web-server\u0026start=1675373102844000"},{"key":"component","type":"string","value":"net/http"},{"key":"http.status_code","type":"int64","value":200},{"key":"internal.span.format","type":"string","value":"proto"}],"logs":[],"processID":"p1","warnings":null}],"processes":{"p1":{"serviceName":"jaeger-query","tags":[{"key":"client-uuid","type":"string","value":"543846c092c6bca4"},{"key":"hostname","type":"string","value":"jaeger-agent-f66f46497-8zm9k"},{"key":"ip","type":"string","value":"10.131.0.124"},{"key":"jaeger.version","type":"string","value":"Go-2.30.0"}]}},"warnings":null},{"traceID":"1b73e6a5c0607020","spans":[{"traceID":"1b73e6a5c0607020","spanID":"1b73e6a5c0607020","flags":1,"operationName":"/api/metrics/latencies","references":[],"startTime":1675373884733624,"duration":110,"tags":[{"key":"sampler.type","type":"string","value":"const"},{"key":"sampler.param","type":"bool","value":true},{"key":"span.kind","type":"string","value":"server"},{"key":"http.method","type":"string","value":"GET"},{"key":"http.url","type":"string","value":"/api/metrics/latencies?service=nginx-web-server\u0026endTs=1675373884022\u0026lookback=3600000\u0026quantile=0.75\u0026ratePer=600000\u0026step=60000"},{"key":"component","type":"string","value":"net/http"},{"key":"http.status_code","type":"int64","value":501},{"key":"error","type":"bool","value":true},{"key":"internal.span.format","type":"string","value":"proto"}],"logs":[],"processID":"p1","warnings":null}],"processes":{"p1":{"serviceName":"jaeger-query","tags":[{"key":"client-uuid","type":"string","value":"543846c092c6bca4"},{"key":"hostname","type":"string","value":"jaeger-agent-f66f46497-8zm9k"},{"key":"ip","type":"string","value":"10.131.0.124"},{"key":"jaeger.version","type":"string","value":"Go-2.30.0"}]}},"warnings":null},{"traceID":"319d73d1d79351ca","spans":[{"traceID":"319d73d1d79351ca","spanID":"319d73d1d79351ca","flags":1,"operationName":"/api/services","references":[],"startTime":1675379282172269,"duration":57,"tags":[{"key":"sampler.type","type":"string","value":"const"},{"key":"sampler.param","type":"bool","value":true},{"key":"span.kind","type":"string","value":"server"},{"key":"http.method","type":"string","value":"GET"},{"key":"http.url","type":"string","value":"/api/services"},{"key":"component","type":"string","value":"net/http"},{"key":"http.status_code","type":"int64","value":200},{"key":"internal.span.format","type":"string","value":"proto"}],"logs":[],"processID":"p1","warnings":null}],"processes":{"p1":{"serviceName":"jaeger-query","tags":[{"key":"client-uuid","type":"string","value":"543846c092c6bca4"},{"key":"hostname","type":"string","value":"jaeger-agent-f66f46497-8zm9k"},{"key":"ip","type":"string","value":"10.131.0.124"},{"key":"jaeger.version","type":"string","value":"Go-2.30.0"}]}},"warnings":null},{"traceID":"0ff8ff2421c19bb4","spans":[{"traceID":"0ff8ff2421c19bb4","spanID":"0ff8ff2421c19bb4","flags":1,"operationName":"/api/traces","references":[],"startTime":1675373953254224,"duration":15686574,"tags":[{"key":"sampler.type","type":"string","value":"const"},{"key":"sampler.param","type":"bool","value":true},{"key":"span.kind","type":"string","value":"server"},{"key":"http.method","type":"string","value":"GET"},{"key":"http.url","type":"string","value":"/api/traces?end=1675373952979000\u0026limit=20\u0026lookback=1h\u0026maxDuration\u0026minDuration\u0026service=nginx-web-server\u0026start=1675370352979000"},{"key":"component","type":"string","value":"net/http"},{"key":"http.status_code","type":"int64","value":200},{"key":"internal.span.format","type":"string","value":"proto"}],"logs":[],"processID":"p1","warnings":null}],"processes":{"p1":{"serviceName":"jaeger-query","tags":[{"key":"client-uuid","type":"string","value":"543846c092c6bca4"},{"key":"hostname","type":"string","value":"jaeger-agent-f66f46497-8zm9k"},{"key":"ip","type":"string","value":"10.131.0.124"},{"key":"jaeger.version","type":"string","value":"Go-2.30.0"}]}},"warnings":null},{"traceID":"1bacec8a68df273e","spans":[{"traceID":"1bacec8a68df273e","spanID":"1bacec8a68df273e","flags":1,"operationName":"/api/services/{service}/operations","references":[],"startTime":1675376718439729,"duration":187,"tags":[{"key":"sampler.type","type":"string","value":"const"},{"key":"sampler.param","type":"bool","value":true},{"key":"span.kind","type":"string","value":"server"},{"key":"http.method","type":"string","value":"GET"},{"key":"http.url","type":"string","value":"/api/services/nginx-web-server/operations"},{"key":"component","type":"string","value":"net/http"},{"key":"http.status_code","type":"int64","value":200},{"key":"internal.span.format","type":"string","value":"proto"}],"logs":[],"processID":"p1","warnings":null}],"processes":{"p1":{"serviceName":"jaeger-query","tags":[{"key":"client-uuid","type":"string","value":"543846c092c6bca4"},{"key":"hostname","type":"string","value":"jaeger-agent-f66f46497-8zm9k"},{"key":"ip","type":"string","value":"10.131.0.124"},{"key":"jaeger.version","type":"string","value":"Go-2.30.0"}]}},"warnings":null},{"traceID":"34cbb8b4d7b05904","spans":[{"traceID":"34cbb8b4d7b05904","spanID":"34cbb8b4d7b05904","flags":1,"operationName":"/api/services","references":[],"startTime":1675373884176932,"duration":155,"tags":[{"key":"sampler.type","type":"string","value":"const"},{"key":"sampler.param","type":"bool","value":true},{"key":"span.kind","type":"string","value":"server"},{"key":"http.method","type":"string","value":"GET"},{"key":"http.url","type":"string","value":"/api/services"},{"key":"component","type":"string","value":"net/http"},{"key":"http.status_code","type":"int64","value":200},{"key":"internal.span.format","type":"string","value":"proto"}],"logs":[],"processID":"p1","warnings":null}],"processes":{"p1":{"serviceName":"jaeger-query","tags":[{"key":"client-uuid","type":"string","value":"543846c092c6bca4"},{"key":"hostname","type":"string","value":"jaeger-agent-f66f46497-8zm9k"},{"key":"ip","type":"string","value":"10.131.0.124"},{"key":"jaeger.version","type":"string","value":"Go-2.30.0"}]}},"warnings":null},{"traceID":"1f6db9272da40b35","spans":[{"traceID":"1f6db9272da40b35","spanID":"1f6db9272da40b35","flags":1,"operationName":"/api/metrics/errors","references":[],"startTime":1675373884857822,"duration":84,"tags":[{"key":"sampler.type","type":"string","value":"const"},{"key":"sampler.param","type":"bool","value":true},{"key":"span.kind","type":"string","value":"server"},{"key":"http.method","type":"string","value":"GET"},{"key":"http.url","type":"string","value":"/api/metrics/errors?service=nginx-web-server\u0026endTs=1675373884022\u0026groupByOperation=true\u0026lookback=3600000\u0026quantile=0.95\u0026ratePer=600000\u0026step=60000"},{"key":"component","type":"string","value":"net/http"},{"key":"http.status_code","type":"int64","value":501},{"key":"error","type":"bool","value":true},{"key":"internal.span.format","type":"string","value":"proto"}],"logs":[],"processID":"p1","warnings":null}],"processes":{"p1":{"serviceName":"jaeger-query","tags":[{"key":"client-uuid","type":"string","value":"543846c092c6bca4"},{"key":"hostname","type":"string","value":"jaeger-agent-f66f46497-8zm9k"},{"key":"ip","type":"string","value":"10.131.0.124"},{"key":"jaeger.version","type":"string","value":"Go-2.30.0"}]}},"warnings":null},{"traceID":"1d94c57053f38ab2","spans":[{"traceID":"1d94c57053f38ab2","spanID":"1d94c57053f38ab2","flags":1,"operationName":"/api/metrics/latencies","references":[],"startTime":1675373884826214,"duration":448,"tags":[{"key":"sampler.type","type":"string","value":"const"},{"key":"sampler.param","type":"bool","value":true},{"key":"span.kind","type":"string","value":"server"},{"key":"http.method","type":"string","value":"GET"},{"key":"http.url","type":"string","value":"/api/metrics/latencies?service=nginx-web-server\u0026endTs=1675373884022\u0026groupByOperation=true\u0026lookback=3600000\u0026quantile=0.95\u0026ratePer=600000\u0026step=60000"},{"key":"component","type":"string","value":"net/http"},{"key":"http.status_code","type":"int64","value":501},{"key":"error","type":"bool","value":true},{"key":"internal.span.format","type":"string","value":"proto"}],"logs":[],"processID":"p1","warnings":null}],"processes":{"p1":{"serviceName":"jaeger-query","tags":[{"key":"client-uuid","type":"string","value":"543846c092c6bca4"},{"key":"hostname","type":"string","value":"jaeger-agent-f66f46497-8zm9k"},{"key":"ip","type":"string","value":"10.131.0.124"},{"key":"jaeger.version","type":"string","value":"Go-2.30.0"}]}},"warnings":null},{"traceID":"06286917fdc15f89","spans":[{"traceID":"06286917fdc15f89","spanID":"06286917fdc15f89","flags":1,"operationName":"/api/dependencies","references":[],"startTime":1675373891809711,"duration":2880737,"tags":[{"key":"sampler.type","type":"string","value":"const"},{"key":"sampler.param","type":"bool","value":true},{"key":"span.kind","type":"string","value":"server"},{"key":"http.method","type":"string","value":"GET"},{"key":"http.url","type":"string","value":"/api/dependencies?endTs=1675373891644\u0026lookback=604800000"},{"key":"component","type":"string","value":"net/http"},{"key":"http.status_code","type":"int64","value":200},{"key":"internal.span.format","type":"string","value":"proto"}],"logs":[],"processID":"p1","warnings":null}],"processes":{"p1":{"serviceName":"jaeger-query","tags":[{"key":"client-uuid","type":"string","value":"543846c092c6bca4"},{"key":"hostname","type":"string","value":"jaeger-agent-f66f46497-8zm9k"},{"key":"ip","type":"string","value":"10.131.0.124"},{"key":"jaeger.version","type":"string","value":"Go-2.30.0"}]}},"warnings":null},{"traceID":"650bed356ce02527","spans":[{"traceID":"650bed356ce02527","spanID":"650bed356ce02527","flags":1,"operationName":"/api/metrics/latencies","references":[],"startTime":1675373884755422,"duration":523,"tags":[{"key":"sampler.type","type":"string","value":"const"},{"key":"sampler.param","type":"bool","value":true},{"key":"span.kind","type":"string","value":"server"},{"key":"http.method","type":"string","value":"GET"},{"key":"http.url","type":"string","value":"/api/metrics/latencies?service=nginx-web-server\u0026endTs=1675373884022\u0026lookback=3600000\u0026quantile=0.95\u0026ratePer=600000\u0026step=60000"},{"key":"component","type":"string","value":"net/http"},{"key":"http.status_code","type":"int64","value":501},{"key":"error","type":"bool","value":true},{"key":"internal.span.format","type":"string","value":"proto"}],"logs":[],"processID":"p1","warnings":null}],"processes":{"p1":{"serviceName":"jaeger-query","tags":[{"key":"client-uuid","type":"string","value":"543846c092c6bca4"},{"key":"hostname","type":"string","value":"jaeger-agent-f66f46497-8zm9k"},{"key":"ip","type":"string","value":"10.131.0.124"},{"key":"jaeger.version","type":"string","value":"Go-2.30.0"}]}},"warnings":null},{"traceID":"53c3dd6a3da9736b","spans":[{"traceID":"53c3dd6a3da9736b","spanID":"53c3dd6a3da9736b","flags":1,"operationName":"/api/metrics/latencies","references":[],"startTime":1675373885573269,"duration":123,"tags":[{"key":"sampler.type","type":"string","value":"const"},{"key":"sampler.param","type":"bool","value":true},{"key":"span.kind","type":"string","value":"server"},{"key":"http.method","type":"string","value":"GET"},{"key":"http.url","type":"string","value":"/api/metrics/latencies?service=nginx-web-server\u0026endTs=1675373884717\u0026lookback=3600000\u0026quantile=0.95\u0026ratePer=600000\u0026step=60000"},{"key":"component","type":"string","value":"net/http"},{"key":"http.status_code","type":"int64","value":501},{"key":"error","type":"bool","value":true},{"key":"internal.span.format","type":"string","value":"proto"}],"logs":[],"processID":"p1","warnings":null}],"processes":{"p1":{"serviceName":"jaeger-query","tags":[{"key":"client-uuid","type":"string","value":"543846c092c6bca4"},{"key":"hostname","type":"string","value":"jaeger-agent-f66f46497-8zm9k"},{"key":"ip","type":"string","value":"10.131.0.124"},{"key":"jaeger.version","type":"string","value":"Go-2.30.0"}]}},"warnings":null},{"traceID":"2f70e8843063ada8","spans":[{"traceID":"2f70e8843063ada8","spanID":"2f70e8843063ada8","flags":1,"operationName":"/api/traces/{traceID}","references":[],"startTime":1675375089284259,"duration":508,"tags":[{"key":"sampler.type","type":"string","value":"const"},{"key":"sampler.param","type":"bool","value":true},{"key":"span.kind","type":"string","value":"server"},{"key":"http.method","type":"string","value":"GET"},{"key":"http.url","type":"string","value":"/api/traces/0f59a81214c7f1c3"},{"key":"component","type":"string","value":"net/http"},{"key":"http.status_code","type":"int64","value":200},{"key":"internal.span.format","type":"string","value":"proto"}],"logs":[],"processID":"p1","warnings":null}],"processes":{"p1":{"serviceName":"jaeger-query","tags":[{"key":"client-uuid","type":"string","value":"543846c092c6bca4"},{"key":"hostname","type":"string","value":"jaeger-agent-f66f46497-8zm9k"},{"key":"ip","type":"string","value":"10.131.0.124"},{"key":"jaeger.version","type":"string","value":"Go-2.30.0"}]}},"warnings":null},{"traceID":"0c78344992317cfb","spans":[{"traceID":"0c78344992317cfb","spanID":"0c78344992317cfb","flags":1,"operationName":"/api/services","references":[],"startTime":1675376764828396,"duration":131,"tags":[{"key":"sampler.type","type":"string","value":"const"},{"key":"sampler.param","type":"bool","value":true},{"key":"span.kind","type":"string","value":"server"},{"key":"http.method","type":"string","value":"GET"},{"key":"http.url","type":"string","value":"/api/services"},{"key":"component","type":"string","value":"net/http"},{"key":"http.status_code","type":"int64","value":200},{"key":"internal.span.format","type":"string","value":"proto"}],"logs":[],"processID":"p1","warnings":null}],"processes":{"p1":{"serviceName":"jaeger-query","tags":[{"key":"client-uuid","type":"string","value":"543846c092c6bca4"},{"key":"hostname","type":"string","value":"jaeger-agent-f66f46497-8zm9k"},{"key":"ip","type":"string","value":"10.131.0.124"},{"key":"jaeger.version","type":"string","value":"Go-2.30.0"}]}},"warnings":null},{"traceID":"3e59f78b5fe92135","spans":[{"traceID":"3e59f78b5fe92135","spanID":"3e59f78b5fe92135","flags":1,"operationName":"/api/metrics/latencies","references":[],"startTime":1675373885444948,"duration":129,"tags":[{"key":"sampler.type","type":"string","value":"const"},{"key":"sampler.param","type":"bool","value":true},{"key":"span.kind","type":"string","value":"server"},{"key":"http.method","type":"string","value":"GET"},{"key":"http.url","type":"string","value":"/api/metrics/latencies?service=nginx-web-server\u0026endTs=1675373884717\u0026lookback=3600000\u0026quantile=0.75\u0026ratePer=600000\u0026step=60000"},{"key":"component","type":"string","value":"net/http"},{"key":"http.status_code","type":"int64","value":501},{"key":"error","type":"bool","value":true},{"key":"internal.span.format","type":"string","value":"proto"}],"logs":[],"processID":"p1","warnings":null}],"processes":{"p1":{"serviceName":"jaeger-query","tags":[{"key":"client-uuid","type":"string","value":"543846c092c6bca4"},{"key":"hostname","type":"string","value":"jaeger-agent-f66f46497-8zm9k"},{"key":"ip","type":"string","value":"10.131.0.124"},{"key":"jaeger.version","type":"string","value":"Go-2.30.0"}]}},"warnings":null},{"traceID":"3410afe2383b20ce","spans":[{"traceID":"3410afe2383b20ce","spanID":"3410afe2383b20ce","flags":1,"operationName":"/api/services","references":[],"startTime":1675379307840612,"duration":57,"tags":[{"key":"sampler.type","type":"string","value":"const"},{"key":"sampler.param","type":"bool","value":true},{"key":"span.kind","type":"string","value":"server"},{"key":"http.method","type":"string","value":"GET"},{"key":"http.url","type":"string","value":"/api/services"},{"key":"component","type":"string","value":"net/http"},{"key":"http.status_code","type":"int64","value":200},{"key":"internal.span.format","type":"string","value":"proto"}],"logs":[],"processID":"p1","warnings":null}],"processes":{"p1":{"serviceName":"jaeger-query","tags":[{"key":"client-uuid","type":"string","value":"543846c092c6bca4"},{"key":"hostname","type":"string","value":"jaeger-agent-f66f46497-8zm9k"},{"key":"ip","type":"string","value":"10.131.0.124"},{"key":"jaeger.version","type":"string","value":"Go-2.30.0"}]}},"warnings":null},{"traceID":"7d01359c1c79fe96","spans":[{"traceID":"7d01359c1c79fe96","spanID":"7d01359c1c79fe96","flags":1,"operationName":"/api/metrics/calls","references":[],"startTime":1675373884832558,"duration":110,"tags":[{"key":"sampler.type","type":"string","value":"const"},{"key":"sampler.param","type":"bool","value":true},{"key":"span.kind","type":"string","value":"server"},{"key":"http.method","type":"string","value":"GET"},{"key":"http.url","type":"string","value":"/api/metrics/calls?service=nginx-web-server\u0026endTs=1675373884022\u0026groupByOperation=true\u0026lookback=3600000\u0026quantile=0.95\u0026ratePer=600000\u0026step=60000"},{"key":"component","type":"string","value":"net/http"},{"key":"http.status_code","type":"int64","value":501},{"key":"error","type":"bool","value":true},{"key":"internal.span.format","type":"string","value":"proto"}],"logs":[],"processID":"p1","warnings":null}],"processes":{"p1":{"serviceName":"jaeger-query","tags":[{"key":"client-uuid","type":"string","value":"543846c092c6bca4"},{"key":"hostname","type":"string","value":"jaeger-agent-f66f46497-8zm9k"},{"key":"ip","type":"string","value":"10.131.0.124"},{"key":"jaeger.version","type":"string","value":"Go-2.30.0"}]}},"warnings":null},{"traceID":"6d262eaf30f079fc","spans":[{"traceID":"6d262eaf30f079fc","spanID":"6d262eaf30f079fc","flags":1,"operationName":"/api/services/{service}/operations","references":[],"startTime":1675373901063081,"duration":146,"tags":[{"key":"sampler.type","type":"string","value":"const"},{"key":"sampler.param","type":"bool","value":true},{"key":"span.kind","type":"string","value":"server"},{"key":"http.method","type":"string","value":"GET"},{"key":"http.url","type":"string","value":"/api/services/user-service/operations"},{"key":"component","type":"string","value":"net/http"},{"key":"http.status_code","type":"int64","value":200},{"key":"internal.span.format","type":"string","value":"proto"}],"logs":[],"processID":"p1","warnings":null}],"processes":{"p1":{"serviceName":"jaeger-query","tags":[{"key":"client-uuid","type":"string","value":"543846c092c6bca4"},{"key":"hostname","type":"string","value":"jaeger-agent-f66f46497-8zm9k"},{"key":"ip","type":"string","value":"10.131.0.124"},{"key":"jaeger.version","type":"string","value":"Go-2.30.0"}]}},"warnings":null},{"traceID":"57b2402695b416f9","spans":[{"traceID":"57b2402695b416f9","spanID":"57b2402695b416f9","flags":1,"operationName":"/api/services/{service}/operations","references":[],"startTime":1675376700442431,"duration":214,"tags":[{"key":"sampler.type","type":"string","value":"const"},{"key":"sampler.param","type":"bool","value":true},{"key":"span.kind","type":"string","value":"server"},{"key":"http.method","type":"string","value":"GET"},{"key":"http.url","type":"string","value":"/api/services/nginx-web-server/operations"},{"key":"component","type":"string","value":"net/http"},{"key":"http.status_code","type":"int64","value":200},{"key":"internal.span.format","type":"string","value":"proto"}],"logs":[],"processID":"p1","warnings":null}],"processes":{"p1":{"serviceName":"jaeger-query","tags":[{"key":"client-uuid","type":"string","value":"543846c092c6bca4"},{"key":"hostname","type":"string","value":"jaeger-agent-f66f46497-8zm9k"},{"key":"ip","type":"string","value":"10.131.0.124"},{"key":"jaeger.version","type":"string","value":"Go-2.30.0"}]}},"warnings":null},{"traceID":"15002c88c1ea164d","spans":[{"traceID":"15002c88c1ea164d","spanID":"15002c88c1ea164d","flags":1,"operationName":"/api/traces","references":[],"startTime":1675376719860922,"duration":24590208,"tags":[{"key":"sampler.type","type":"string","value":"const"},{"key":"sampler.param","type":"bool","value":true},{"key":"span.kind","type":"string","value":"server"},{"key":"http.method","type":"string","value":"GET"},{"key":"http.url","type":"string","value":"/api/traces?end=1675376719730000\u0026limit=20\u0026lookback=3h\u0026maxDuration\u0026minDuration\u0026service=nginx-web-server\u0026start=1675365919730000"},{"key":"component","type":"string","value":"net/http"},{"key":"http.status_code","type":"int64","value":200},{"key":"internal.span.format","type":"string","value":"proto"}],"logs":[],"processID":"p1","warnings":null}],"processes":{"p1":{"serviceName":"jaeger-query","tags":[{"key":"client-uuid","type":"string","value":"543846c092c6bca4"},{"key":"hostname","type":"string","value":"jaeger-agent-f66f46497-8zm9k"},{"key":"ip","type":"string","value":"10.131.0.124"},{"key":"jaeger.version","type":"string","value":"Go-2.30.0"}]}},"warnings":null},{"traceID":"6c70df78a7418627","spans":[{"traceID":"6c70df78a7418627","spanID":"6c70df78a7418627","flags":1,"operationName":"/api/services","references":[],"startTime":1675379341420216,"duration":54,"tags":[{"key":"sampler.type","type":"string","value":"const"},{"key":"sampler.param","type":"bool","value":true},{"key":"span.kind","type":"string","value":"server"},{"key":"http.method","type":"string","value":"GET"},{"key":"http.url","type":"string","value":"/api/services"},{"key":"component","type":"string","value":"net/http"},{"key":"http.status_code","type":"int64","value":200},{"key":"internal.span.format","type":"string","value":"proto"}],"logs":[],"processID":"p1","warnings":null}],"processes":{"p1":{"serviceName":"jaeger-query","tags":[{"key":"client-uuid","type":"string","value":"543846c092c6bca4"},{"key":"hostname","type":"string","value":"jaeger-agent-f66f46497-8zm9k"},{"key":"ip","type":"string","value":"10.131.0.124"},{"key":"jaeger.version","type":"string","value":"Go-2.30.0"}]}},"warnings":null},{"traceID":"35d904f671105990","spans":[{"traceID":"35d904f671105990","spanID":"35d904f671105990","flags":1,"operationName":"/api/traces","references":[],"startTime":1675373910302393,"duration":355724,"tags":[{"key":"sampler.type","type":"string","value":"const"},{"key":"sampler.param","type":"bool","value":true},{"key":"span.kind","type":"string","value":"server"},{"key":"http.method","type":"string","value":"GET"},{"key":"http.url","type":"string","value":"/api/traces?end=1675373910118000\u0026limit=20\u0026lookback=1h\u0026maxDuration\u0026minDuration\u0026service=jaeger-query\u0026start=1675370310118000"},{"key":"component","type":"string","value":"net/http"},{"key":"http.status_code","type":"int64","value":200},{"key":"internal.span.format","type":"string","value":"proto"}],"logs":[],"processID":"p1","warnings":null}],"processes":{"p1":{"serviceName":"jaeger-query","tags":[{"key":"client-uuid","type":"string","value":"543846c092c6bca4"},{"key":"hostname","type":"string","value":"jaeger-agent-f66f46497-8zm9k"},{"key":"ip","type":"string","value":"10.131.0.124"},{"key":"jaeger.version","type":"string","value":"Go-2.30.0"}]}},"warnings":null},{"traceID":"3de67ec6e1753630","spans":[{"traceID":"3de67ec6e1753630","spanID":"3de67ec6e1753630","flags":1,"operationName":"/api/services","references":[],"startTime":1675378061026740,"duration":63,"tags":[{"key":"sampler.type","type":"string","value":"const"},{"key":"sampler.param","type":"bool","value":true},{"key":"span.kind","type":"string","value":"server"},{"key":"http.method","type":"string","value":"GET"},{"key":"http.url","type":"string","value":"/api/services"},{"key":"component","type":"string","value":"net/http"},{"key":"http.status_code","type":"int64","value":200},{"key":"internal.span.format","type":"string","value":"proto"}],"logs":[],"processID":"p1","warnings":null}],"processes":{"p1":{"serviceName":"jaeger-query","tags":[{"key":"client-uuid","type":"string","value":"543846c092c6bca4"},{"key":"hostname","type":"string","value":"jaeger-agent-f66f46497-8zm9k"},{"key":"ip","type":"string","value":"10.131.0.124"},{"key":"jaeger.version","type":"string","value":"Go-2.30.0"}]}},"warnings":null},{"traceID":"2de236b74b85f759","spans":[{"traceID":"2de236b74b85f759","spanID":"2de236b74b85f759","flags":1,"operationName":"/api/services/{service}/operations","references":[],"startTime":1675376696800052,"duration":220,"tags":[{"key":"sampler.type","type":"string","value":"const"},{"key":"sampler.param","type":"bool","value":true},{"key":"span.kind","type":"string","value":"server"},{"key":"http.method","type":"string","value":"GET"},{"key":"http.url","type":"string","value":"/api/services/post-storage-service/operations"},{"key":"component","type":"string","value":"net/http"},{"key":"http.status_code","type":"int64","value":200},{"key":"internal.span.format","type":"string","value":"proto"}],"logs":[],"processID":"p1","warnings":null}],"processes":{"p1":{"serviceName":"jaeger-query","tags":[{"key":"client-uuid","type":"string","value":"543846c092c6bca4"},{"key":"hostname","type":"string","value":"jaeger-agent-f66f46497-8zm9k"},{"key":"ip","type":"string","value":"10.131.0.124"},{"key":"jaeger.version","type":"string","value":"Go-2.30.0"}]}},"warnings":null},{"traceID":"72133b6c37d581d7","spans":[{"traceID":"72133b6c37d581d7","spanID":"72133b6c37d581d7","flags":1,"operationName":"/api/metrics/latencies","references":[],"startTime":1675373884211233,"duration":101,"tags":[{"key":"sampler.type","type":"string","value":"const"},{"key":"sampler.param","type":"bool","value":true},{"key":"span.kind","type":"string","value":"server"},{"key":"http.method","type":"string","value":"GET"},{"key":"http.url","type":"string","value":"/api/metrics/latencies?service=nginx-web-server\u0026endTs=1675373883928\u0026lookback=3600000\u0026quantile=0.95\u0026ratePer=600000\u0026step=60000"},{"key":"component","type":"string","value":"net/http"},{"key":"http.status_code","type":"int64","value":501},{"key":"error","type":"bool","value":true},{"key":"internal.span.format","type":"string","value":"proto"}],"logs":[],"processID":"p1","warnings":null}],"processes":{"p1":{"serviceName":"jaeger-query","tags":[{"key":"client-uuid","type":"string","value":"543846c092c6bca4"},{"key":"hostname","type":"string","value":"jaeger-agent-f66f46497-8zm9k"},{"key":"ip","type":"string","value":"10.131.0.124"},{"key":"jaeger.version","type":"string","value":"Go-2.30.0"}]}},"warnings":null},{"traceID":"124ade9af90abf44","spans":[{"traceID":"124ade9af90abf44","spanID":"124ade9af90abf44","flags":1,"operationName":"/api/metrics/errors","references":[],"startTime":1675373884429259,"duration":519,"tags":[{"key":"sampler.type","type":"string","value":"const"},{"key":"sampler.param","type":"bool","value":true},{"key":"span.kind","type":"string","value":"server"},{"key":"http.method","type":"string","value":"GET"},{"key":"http.url","type":"string","value":"/api/metrics/errors?service=nginx-web-server\u0026endTs=1675373883928\u0026lookback=3600000\u0026quantile=0.95\u0026ratePer=600000\u0026step=60000"},{"key":"component","type":"string","value":"net/http"},{"key":"http.status_code","type":"int64","value":501},{"key":"error","type":"bool","value":true},{"key":"internal.span.format","type":"string","value":"proto"}],"logs":[],"processID":"p1","warnings":null}],"processes":{"p1":{"serviceName":"jaeger-query","tags":[{"key":"client-uuid","type":"string","value":"543846c092c6bca4"},{"key":"hostname","type":"string","value":"jaeger-agent-f66f46497-8zm9k"},{"key":"ip","type":"string","value":"10.131.0.124"},{"key":"jaeger.version","type":"string","value":"Go-2.30.0"}]}},"warnings":null},{"traceID":"64dd2bb3f3212f58","spans":[{"traceID":"64dd2bb3f3212f58","spanID":"64dd2bb3f3212f58","flags":1,"operationName":"/api/services/{service}/operations","references":[],"startTime":1675373951627450,"duration":129,"tags":[{"key":"sampler.type","type":"string","value":"const"},{"key":"sampler.param","type":"bool","value":true},{"key":"span.kind","type":"string","value":"server"},{"key":"http.method","type":"string","value":"GET"},{"key":"http.url","type":"string","value":"/api/services/nginx-web-server/operations"},{"key":"component","type":"string","value":"net/http"},{"key":"http.status_code","type":"int64","value":200},{"key":"internal.span.format","type":"string","value":"proto"}],"logs":[],"processID":"p1","warnings":null}],"processes":{"p1":{"serviceName":"jaeger-query","tags":[{"key":"client-uuid","type":"string","value":"543846c092c6bca4"},{"key":"hostname","type":"string","value":"jaeger-agent-f66f46497-8zm9k"},{"key":"ip","type":"string","value":"10.131.0.124"},{"key":"jaeger.version","type":"string","value":"Go-2.30.0"}]}},"warnings":null},{"traceID":"1d2472b4634aa15f","spans":[{"traceID":"1d2472b4634aa15f","spanID":"1d2472b4634aa15f","flags":1,"operationName":"/api/traces","references":[],"startTime":1675373904354268,"duration":358188,"tags":[{"key":"sampler.type","type":"string","value":"const"},{"key":"sampler.param","type":"bool","value":true},{"key":"span.kind","type":"string","value":"server"},{"key":"http.method","type":"string","value":"GET"},{"key":"http.url","type":"string","value":"/api/traces?end=1675373904087000\u0026limit=20\u0026lookback=1h\u0026maxDuration\u0026minDuration\u0026service=user-service\u0026start=1675370304087000"},{"key":"component","type":"string","value":"net/http"},{"key":"http.status_code","type":"int64","value":200},{"key":"internal.span.format","type":"string","value":"proto"}],"logs":[],"processID":"p1","warnings":null}],"processes":{"p1":{"serviceName":"jaeger-query","tags":[{"key":"client-uuid","type":"string","value":"543846c092c6bca4"},{"key":"hostname","type":"string","value":"jaeger-agent-f66f46497-8zm9k"},{"key":"ip","type":"string","value":"10.131.0.124"},{"key":"jaeger.version","type":"string","value":"Go-2.30.0"}]}},"warnings":null},{"traceID":"60e3d98bc579d162","spans":[{"traceID":"60e3d98bc579d162","spanID":"60e3d98bc579d162","flags":1,"operationName":"/api/metrics/latencies","references":[],"startTime":1675373885443677,"duration":575,"tags":[{"key":"sampler.type","type":"string","value":"const"},{"key":"sampler.param","type":"bool","value":true},{"key":"span.kind","type":"string","value":"server"},{"key":"http.method","type":"string","value":"GET"},{"key":"http.url","type":"string","value":"/api/metrics/latencies?service=nginx-web-server\u0026endTs=1675373884717\u0026lookback=3600000\u0026quantile=0.5\u0026ratePer=600000\u0026step=60000"},{"key":"component","type":"string","value":"net/http"},{"key":"http.status_code","type":"int64","value":501},{"key":"error","type":"bool","value":true},{"key":"internal.span.format","type":"string","value":"proto"}],"logs":[],"processID":"p1","warnings":null}],"processes":{"p1":{"serviceName":"jaeger-query","tags":[{"key":"client-uuid","type":"string","value":"543846c092c6bca4"},{"key":"hostname","type":"string","value":"jaeger-agent-f66f46497-8zm9k"},{"key":"ip","type":"string","value":"10.131.0.124"},{"key":"jaeger.version","type":"string","value":"Go-2.30.0"}]}},"warnings":null},{"traceID":"6d0534bd58b0934e","spans":[{"traceID":"6d0534bd58b0934e","spanID":"6d0534bd58b0934e","flags":1,"operationName":"/api/metrics/calls","references":[],"startTime":1675373884555544,"duration":122,"tags":[{"key":"sampler.type","type":"string","value":"const"},{"key":"sampler.param","type":"bool","value":true},{"key":"span.kind","type":"string","value":"server"},{"key":"http.method","type":"string","value":"GET"},{"key":"http.url","type":"string","value":"/api/metrics/calls?service=nginx-web-server\u0026endTs=1675373883928\u0026groupByOperation=true\u0026lookback=3600000\u0026quantile=0.95\u0026ratePer=600000\u0026step=60000"},{"key":"component","type":"string","value":"net/http"},{"key":"http.status_code","type":"int64","value":501},{"key":"error","type":"bool","value":true},{"key":"internal.span.format","type":"string","value":"proto"}],"logs":[],"processID":"p1","warnings":null}],"processes":{"p1":{"serviceName":"jaeger-query","tags":[{"key":"client-uuid","type":"string","value":"543846c092c6bca4"},{"key":"hostname","type":"string","value":"jaeger-agent-f66f46497-8zm9k"},{"key":"ip","type":"string","value":"10.131.0.124"},{"key":"jaeger.version","type":"string","value":"Go-2.30.0"}]}},"warnings":null},{"traceID":"051eaaf6300fe458","spans":[{"traceID":"051eaaf6300fe458","spanID":"051eaaf6300fe458","flags":1,"operationName":"/api/services","references":[],"startTime":1675379587203673,"duration":57,"tags":[{"key":"sampler.type","type":"string","value":"const"},{"key":"sampler.param","type":"bool","value":true},{"key":"span.kind","type":"string","value":"server"},{"key":"http.method","type":"string","value":"GET"},{"key":"http.url","type":"string","value":"/api/services"},{"key":"component","type":"string","value":"net/http"},{"key":"http.status_code","type":"int64","value":200},{"key":"internal.span.format","type":"string","value":"proto"}],"logs":[],"processID":"p1","warnings":null}],"processes":{"p1":{"serviceName":"jaeger-query","tags":[{"key":"client-uuid","type":"string","value":"543846c092c6bca4"},{"key":"hostname","type":"string","value":"jaeger-agent-f66f46497-8zm9k"},{"key":"ip","type":"string","value":"10.131.0.124"},{"key":"jaeger.version","type":"string","value":"Go-2.30.0"}]}},"warnings":null},{"traceID":"4bcbe183a2d15cd4","spans":[{"traceID":"4bcbe183a2d15cd4","spanID":"4bcbe183a2d15cd4","flags":1,"operationName":"/api/services","references":[],"startTime":1675373875521344,"duration":192,"tags":[{"key":"sampler.type","type":"string","value":"const"},{"key":"sampler.param","type":"bool","value":true},{"key":"span.kind","type":"string","value":"server"},{"key":"http.method","type":"string","value":"GET"},{"key":"http.url","type":"string","value":"/api/services"},{"key":"component","type":"string","value":"net/http"},{"key":"http.status_code","type":"int64","value":200},{"key":"internal.span.format","type":"string","value":"proto"}],"logs":[],"processID":"p1","warnings":null}],"processes":{"p1":{"serviceName":"jaeger-query","tags":[{"key":"client-uuid","type":"string","value":"543846c092c6bca4"},{"key":"hostname","type":"string","value":"jaeger-agent-f66f46497-8zm9k"},{"key":"ip","type":"string","value":"10.131.0.124"},{"key":"jaeger.version","type":"string","value":"Go-2.30.0"}]}},"warnings":null},{"traceID":"699866819acb766a","spans":[{"traceID":"699866819acb766a","spanID":"699866819acb766a","flags":1,"operationName":"/api/traces","references":[],"startTime":1675381946590461,"duration":25030772,"tags":[{"key":"sampler.type","type":"string","value":"const"},{"key":"sampler.param","type":"bool","value":true},{"key":"span.kind","type":"string","value":"server"},{"key":"http.method","type":"string","value":"GET"},{"key":"http.url","type":"string","value":"/api/traces?limit=20000\u0026service=user-timeline-service"},{"key":"component","type":"string","value":"net/http"},{"key":"http.status_code","type":"int64","value":200},{"key":"internal.span.format","type":"string","value":"proto"}],"logs":[],"processID":"p1","warnings":null}],"processes":{"p1":{"serviceName":"jaeger-query","tags":[{"key":"client-uuid","type":"string","value":"543846c092c6bca4"},{"key":"hostname","type":"string","value":"jaeger-agent-f66f46497-8zm9k"},{"key":"ip","type":"string","value":"10.131.0.124"},{"key":"jaeger.version","type":"string","value":"Go-2.30.0"}]}},"warnings":null},{"traceID":"2d6f1bd6d03be963","spans":[{"traceID":"2d6f1bd6d03be963","spanID":"2d6f1bd6d03be963","flags":1,"operationName":"/api/metrics/errors","references":[],"startTime":1675373884580622,"duration":515,"tags":[{"key":"sampler.type","type":"string","value":"const"},{"key":"sampler.param","type":"bool","value":true},{"key":"span.kind","type":"string","value":"server"},{"key":"http.method","type":"string","value":"GET"},{"key":"http.url","type":"string","value":"/api/metrics/errors?service=nginx-web-server\u0026endTs=1675373883928\u0026groupByOperation=true\u0026lookback=3600000\u0026quantile=0.95\u0026ratePer=600000\u0026step=60000"},{"key":"component","type":"string","value":"net/http"},{"key":"http.status_code","type":"int64","value":501},{"key":"error","type":"bool","value":true},{"key":"internal.span.format","type":"string","value":"proto"}],"logs":[],"processID":"p1","warnings":null}],"processes":{"p1":{"serviceName":"jaeger-query","tags":[{"key":"client-uuid","type":"string","value":"543846c092c6bca4"},{"key":"hostname","type":"string","value":"jaeger-agent-f66f46497-8zm9k"},{"key":"ip","type":"string","value":"10.131.0.124"},{"key":"jaeger.version","type":"string","value":"Go-2.30.0"}]}},"warnings":null},{"traceID":"46e7cf82992d69ef","spans":[{"traceID":"46e7cf82992d69ef","spanID":"46e7cf82992d69ef","flags":1,"operationName":"/api/services","references":[],"startTime":1675380449941659,"duration":57,"tags":[{"key":"sampler.type","type":"string","value":"const"},{"key":"sampler.param","type":"bool","value":true},{"key":"span.kind","type":"string","value":"server"},{"key":"http.method","type":"string","value":"GET"},{"key":"http.url","type":"string","value":"/api/services"},{"key":"component","type":"string","value":"net/http"},{"key":"http.status_code","type":"int64","value":200},{"key":"internal.span.format","type":"string","value":"proto"}],"logs":[],"processID":"p1","warnings":null}],"processes":{"p1":{"serviceName":"jaeger-query","tags":[{"key":"client-uuid","type":"string","value":"543846c092c6bca4"},{"key":"hostname","type":"string","value":"jaeger-agent-f66f46497-8zm9k"},{"key":"ip","type":"string","value":"10.131.0.124"},{"key":"jaeger.version","type":"string","value":"Go-2.30.0"}]}},"warnings":null},{"traceID":"7384c60377c1f0c1","spans":[{"traceID":"7384c60377c1f0c1","spanID":"7384c60377c1f0c1","flags":1,"operationName":"/api/services/{service}/operations","references":[],"startTime":1675373908830583,"duration":467,"tags":[{"key":"sampler.type","type":"string","value":"const"},{"key":"sampler.param","type":"bool","value":true},{"key":"span.kind","type":"string","value":"server"},{"key":"http.method","type":"string","value":"GET"},{"key":"http.url","type":"string","value":"/api/services/jaeger-query/operations"},{"key":"component","type":"string","value":"net/http"},{"key":"http.status_code","type":"int64","value":200},{"key":"internal.span.format","type":"string","value":"proto"}],"logs":[],"processID":"p1","warnings":null}],"processes":{"p1":{"serviceName":"jaeger-query","tags":[{"key":"client-uuid","type":"string","value":"543846c092c6bca4"},{"key":"hostname","type":"string","value":"jaeger-agent-f66f46497-8zm9k"},{"key":"ip","type":"string","value":"10.131.0.124"},{"key":"jaeger.version","type":"string","value":"Go-2.30.0"}]}},"warnings":null},{"traceID":"57f776333a24ccf0","spans":[{"traceID":"57f776333a24ccf0","spanID":"57f776333a24ccf0","flags":1,"operationName":"/api/metrics/calls","references":[],"startTime":1675373884771028,"duration":104,"tags":[{"key":"sampler.type","type":"string","value":"const"},{"key":"sampler.param","type":"bool","value":true},{"key":"span.kind","type":"string","value":"server"},{"key":"http.method","type":"string","value":"GET"},{"key":"http.url","type":"string","value":"/api/metrics/calls?service=nginx-web-server\u0026endTs=1675373884022\u0026lookback=3600000\u0026quantile=0.95\u0026ratePer=600000\u0026step=60000"},{"key":"component","type":"string","value":"net/http"},{"key":"http.status_code","type":"int64","value":501},{"key":"error","type":"bool","value":true},{"key":"internal.span.format","type":"string","value":"proto"}],"logs":[],"processID":"p1","warnings":null}],"processes":{"p1":{"serviceName":"jaeger-query","tags":[{"key":"client-uuid","type":"string","value":"543846c092c6bca4"},{"key":"hostname","type":"string","value":"jaeger-agent-f66f46497-8zm9k"},{"key":"ip","type":"string","value":"10.131.0.124"},{"key":"jaeger.version","type":"string","value":"Go-2.30.0"}]}},"warnings":null},{"traceID":"0863eb2427f98f53","spans":[{"traceID":"0863eb2427f98f53","spanID":"0863eb2427f98f53","flags":1,"operationName":"/api/metrics/calls","references":[],"startTime":1675373884281566,"duration":105,"tags":[{"key":"sampler.type","type":"string","value":"const"},{"key":"sampler.param","type":"bool","value":true},{"key":"span.kind","type":"string","value":"server"},{"key":"http.method","type":"string","value":"GET"},{"key":"http.url","type":"string","value":"/api/metrics/calls?service=nginx-web-server\u0026endTs=1675373883928\u0026lookback=3600000\u0026quantile=0.95\u0026ratePer=600000\u0026step=60000"},{"key":"component","type":"string","value":"net/http"},{"key":"http.status_code","type":"int64","value":501},{"key":"error","type":"bool","value":true},{"key":"internal.span.format","type":"string","value":"proto"}],"logs":[],"processID":"p1","warnings":null}],"processes":{"p1":{"serviceName":"jaeger-query","tags":[{"key":"client-uuid","type":"string","value":"543846c092c6bca4"},{"key":"hostname","type":"string","value":"jaeger-agent-f66f46497-8zm9k"},{"key":"ip","type":"string","value":"10.131.0.124"},{"key":"jaeger.version","type":"string","value":"Go-2.30.0"}]}},"warnings":null},{"traceID":"6038679a539d8d80","spans":[{"traceID":"6038679a539d8d80","spanID":"6038679a539d8d80","flags":1,"operationName":"/api/metrics/latencies","references":[],"startTime":1675373884181472,"duration":511,"tags":[{"key":"sampler.type","type":"string","value":"const"},{"key":"sampler.param","type":"bool","value":true},{"key":"span.kind","type":"string","value":"server"},{"key":"http.method","type":"string","value":"GET"},{"key":"http.url","type":"string","value":"/api/metrics/latencies?service=nginx-web-server\u0026endTs=1675373883928\u0026lookback=3600000\u0026quantile=0.5\u0026ratePer=600000\u0026step=60000"},{"key":"component","type":"string","value":"net/http"},{"key":"http.status_code","type":"int64","value":501},{"key":"error","type":"bool","value":true},{"key":"internal.span.format","type":"string","value":"proto"}],"logs":[],"processID":"p1","warnings":null}],"processes":{"p1":{"serviceName":"jaeger-query","tags":[{"key":"client-uuid","type":"string","value":"543846c092c6bca4"},{"key":"hostname","type":"string","value":"jaeger-agent-f66f46497-8zm9k"},{"key":"ip","type":"string","value":"10.131.0.124"},{"key":"jaeger.version","type":"string","value":"Go-2.30.0"}]}},"warnings":null},{"traceID":"62c7578cdd7a9829","spans":[{"traceID":"62c7578cdd7a9829","spanID":"62c7578cdd7a9829","flags":1,"operationName":"/api/services","references":[],"startTime":1675376934830894,"duration":262,"tags":[{"key":"sampler.type","type":"string","value":"const"},{"key":"sampler.param","type":"bool","value":true},{"key":"span.kind","type":"string","value":"server"},{"key":"http.method","type":"string","value":"GET"},{"key":"http.url","type":"string","value":"/api/services"},{"key":"component","type":"string","value":"net/http"},{"key":"http.status_code","type":"int64","value":200},{"key":"internal.span.format","type":"string","value":"proto"}],"logs":[],"processID":"p1","warnings":null}],"processes":{"p1":{"serviceName":"jaeger-query","tags":[{"key":"client-uuid","type":"string","value":"543846c092c6bca4"},{"key":"hostname","type":"string","value":"jaeger-agent-f66f46497-8zm9k"},{"key":"ip","type":"string","value":"10.131.0.124"},{"key":"jaeger.version","type":"string","value":"Go-2.30.0"}]}},"warnings":null},{"traceID":"6ad417d9cdedafc1","spans":[{"traceID":"6ad417d9cdedafc1","spanID":"6ad417d9cdedafc1","flags":1,"operationName":"/api/services","references":[],"startTime":1675377087003164,"duration":41,"tags":[{"key":"sampler.type","type":"string","value":"const"},{"key":"sampler.param","type":"bool","value":true},{"key":"span.kind","type":"string","value":"server"},{"key":"http.method","type":"string","value":"GET"},{"key":"http.url","type":"string","value":"/api/services"},{"key":"component","type":"string","value":"net/http"},{"key":"http.status_code","type":"int64","value":200},{"key":"internal.span.format","type":"string","value":"proto"}],"logs":[],"processID":"p1","warnings":null}],"processes":{"p1":{"serviceName":"jaeger-query","tags":[{"key":"client-uuid","type":"string","value":"543846c092c6bca4"},{"key":"hostname","type":"string","value":"jaeger-agent-f66f46497-8zm9k"},{"key":"ip","type":"string","value":"10.131.0.124"},{"key":"jaeger.version","type":"string","value":"Go-2.30.0"}]}},"warnings":null},{"traceID":"6507dbc473ac8520","spans":[{"traceID":"6507dbc473ac8520","spanID":"6507dbc473ac8520","flags":1,"operationName":"/api/traces","references":[],"startTime":1675381974379789,"duration":25306503,"tags":[{"key":"sampler.type","type":"string","value":"const"},{"key":"sampler.param","type":"bool","value":true},{"key":"span.kind","type":"string","value":"server"},{"key":"http.method","type":"string","value":"GET"},{"key":"http.url","type":"string","value":"/api/traces?limit=20000\u0026service=post-storage-service"},{"key":"component","type":"string","value":"net/http"},{"key":"http.status_code","type":"int64","value":200},{"key":"internal.span.format","type":"string","value":"proto"}],"logs":[],"processID":"p1","warnings":null}],"processes":{"p1":{"serviceName":"jaeger-query","tags":[{"key":"client-uuid","type":"string","value":"543846c092c6bca4"},{"key":"hostname","type":"string","value":"jaeger-agent-f66f46497-8zm9k"},{"key":"ip","type":"string","value":"10.131.0.124"},{"key":"jaeger.version","type":"string","value":"Go-2.30.0"}]}},"warnings":null},{"traceID":"68ff88bc277bc432","spans":[{"traceID":"68ff88bc277bc432","spanID":"68ff88bc277bc432","flags":1,"operationName":"/api/metrics/errors","references":[],"startTime":1675373885599325,"duration":507,"tags":[{"key":"sampler.type","type":"string","value":"const"},{"key":"sampler.param","type":"bool","value":true},{"key":"span.kind","type":"string","value":"server"},{"key":"http.method","type":"string","value":"GET"},{"key":"http.url","type":"string","value":"/api/metrics/errors?service=nginx-web-server\u0026endTs=1675373884717\u0026groupByOperation=true\u0026lookback=3600000\u0026quantile=0.95\u0026ratePer=600000\u0026step=60000"},{"key":"component","type":"string","value":"net/http"},{"key":"http.status_code","type":"int64","value":501},{"key":"error","type":"bool","value":true},{"key":"internal.span.format","type":"string","value":"proto"}],"logs":[],"processID":"p1","warnings":null}],"processes":{"p1":{"serviceName":"jaeger-query","tags":[{"key":"client-uuid","type":"string","value":"543846c092c6bca4"},{"key":"hostname","type":"string","value":"jaeger-agent-f66f46497-8zm9k"},{"key":"ip","type":"string","value":"10.131.0.124"},{"key":"jaeger.version","type":"string","value":"Go-2.30.0"}]}},"warnings":null},{"traceID":"252e730f3fa60b92","spans":[{"traceID":"252e730f3fa60b92","spanID":"252e730f3fa60b92","flags":1,"operationName":"/api/services/{service}/operations","references":[],"startTime":1675373945849152,"duration":135,"tags":[{"key":"sampler.type","type":"string","value":"const"},{"key":"sampler.param","type":"bool","value":true},{"key":"span.kind","type":"string","value":"server"},{"key":"http.method","type":"string","value":"GET"},{"key":"http.url","type":"string","value":"/api/services/jaeger-query/operations"},{"key":"component","type":"string","value":"net/http"},{"key":"http.status_code","type":"int64","value":200},{"key":"internal.span.format","type":"string","value":"proto"}],"logs":[],"processID":"p1","warnings":null}],"processes":{"p1":{"serviceName":"jaeger-query","tags":[{"key":"client-uuid","type":"string","value":"543846c092c6bca4"},{"key":"hostname","type":"string","value":"jaeger-agent-f66f46497-8zm9k"},{"key":"ip","type":"string","value":"10.131.0.124"},{"key":"jaeger.version","type":"string","value":"Go-2.30.0"}]}},"warnings":null},{"traceID":"6f6bee7ae4515a35","spans":[{"traceID":"6f6bee7ae4515a35","spanID":"6f6bee7ae4515a35","flags":1,"operationName":"/api/services","references":[],"startTime":1675378271823921,"duration":51,"tags":[{"key":"sampler.type","type":"string","value":"const"},{"key":"sampler.param","type":"bool","value":true},{"key":"span.kind","type":"string","value":"server"},{"key":"http.method","type":"string","value":"GET"},{"key":"http.url","type":"string","value":"/api/services"},{"key":"component","type":"string","value":"net/http"},{"key":"http.status_code","type":"int64","value":200},{"key":"internal.span.format","type":"string","value":"proto"}],"logs":[],"processID":"p1","warnings":null}],"processes":{"p1":{"serviceName":"jaeger-query","tags":[{"key":"client-uuid","type":"string","value":"543846c092c6bca4"},{"key":"hostname","type":"string","value":"jaeger-agent-f66f46497-8zm9k"},{"key":"ip","type":"string","value":"10.131.0.124"},{"key":"jaeger.version","type":"string","value":"Go-2.30.0"}]}},"warnings":null},{"traceID":"7a8160526296cc8a","spans":[{"traceID":"7a8160526296cc8a","spanID":"7a8160526296cc8a","flags":1,"operationName":"/api/metrics/errors","references":[],"startTime":1675373885580169,"duration":91,"tags":[{"key":"sampler.type","type":"string","value":"const"},{"key":"sampler.param","type":"bool","value":true},{"key":"span.kind","type":"string","value":"server"},{"key":"http.method","type":"string","value":"GET"},{"key":"http.url","type":"string","value":"/api/metrics/errors?service=nginx-web-server\u0026endTs=1675373884717\u0026lookback=3600000\u0026quantile=0.95\u0026ratePer=600000\u0026step=60000"},{"key":"component","type":"string","value":"net/http"},{"key":"http.status_code","type":"int64","value":501},{"key":"error","type":"bool","value":true},{"key":"internal.span.format","type":"string","value":"proto"}],"logs":[],"processID":"p1","warnings":null}],"processes":{"p1":{"serviceName":"jaeger-query","tags":[{"key":"client-uuid","type":"string","value":"543846c092c6bca4"},{"key":"hostname","type":"string","value":"jaeger-agent-f66f46497-8zm9k"},{"key":"ip","type":"string","value":"10.131.0.124"},{"key":"jaeger.version","type":"string","value":"Go-2.30.0"}]}},"warnings":null},{"traceID":"3017b05a01a3d0db","spans":[{"traceID":"3017b05a01a3d0db","spanID":"3017b05a01a3d0db","flags":1,"operationName":"/api/services","references":[],"startTime":1675374043770017,"duration":129,"tags":[{"key":"sampler.type","type":"string","value":"const"},{"key":"sampler.param","type":"bool","value":true},{"key":"span.kind","type":"string","value":"server"},{"key":"http.method","type":"string","value":"GET"},{"key":"http.url","type":"string","value":"/api/services"},{"key":"component","type":"string","value":"net/http"},{"key":"http.status_code","type":"int64","value":200},{"key":"internal.span.format","type":"string","value":"proto"}],"logs":[],"processID":"p1","warnings":null}],"processes":{"p1":{"serviceName":"jaeger-query","tags":[{"key":"client-uuid","type":"string","value":"543846c092c6bca4"},{"key":"hostname","type":"string","value":"jaeger-agent-f66f46497-8zm9k"},{"key":"ip","type":"string","value":"10.131.0.124"},{"key":"jaeger.version","type":"string","value":"Go-2.30.0"}]}},"warnings":null}],"total":0,"limit":0,"offset":0,"errors":null}
