{"data":[{"traceID":"3716c5f1873a571a","spans":[{"traceID":"3716c5f1873a571a","spanID":"3716c5f1873a571a","flags":1,"operationName":"/api/traces","references":[],"startTime":1675881490923688,"duration":61743286,"tags":[{"key":"sampler.type","type":"string","value":"const"},{"key":"sampler.param","type":"bool","value":true},{"key":"span.kind","type":"string","value":"server"},{"key":"http.method","type":"string","value":"GET"},{"key":"http.url","type":"string","value":"/api/traces?limit=20000\u0026service=post-storage-service"},{"key":"component","type":"string","value":"net/http"},{"key":"http.status_code","type":"int64","value":200},{"key":"internal.span.format","type":"string","value":"proto"}],"logs":[],"processID":"p1","warnings":null}],"processes":{"p1":{"serviceName":"jaeger-query","tags":[{"key":"client-uuid","type":"string","value":"765ab57f3c7abdc2"},{"key":"hostname","type":"string","value":"jaeger-agent-66b94975f8-5ghb7"},{"key":"ip","type":"string","value":"10.131.0.12"},{"key":"jaeger.version","type":"string","value":"Go-2.30.0"}]}},"warnings":null},{"traceID":"0c20c7e85c393e24","spans":[{"traceID":"0c20c7e85c393e24","spanID":"0c20c7e85c393e24","flags":1,"operationName":"/api/traces","references":[],"startTime":1675881426273449,"duration":61866722,"tags":[{"key":"sampler.type","type":"string","value":"const"},{"key":"sampler.param","type":"bool","value":true},{"key":"span.kind","type":"string","value":"server"},{"key":"http.method","type":"string","value":"GET"},{"key":"http.url","type":"string","value":"/api/traces?limit=20000\u0026service=user-timeline-service"},{"key":"component","type":"string","value":"net/http"},{"key":"http.status_code","type":"int64","value":200},{"key":"internal.span.format","type":"string","value":"proto"}],"logs":[],"processID":"p1","warnings":null}],"processes":{"p1":{"serviceName":"jaeger-query","tags":[{"key":"client-uuid","type":"string","value":"765ab57f3c7abdc2"},{"key":"hostname","type":"string","value":"jaeger-agent-66b94975f8-5ghb7"},{"key":"ip","type":"string","value":"10.131.0.12"},{"key":"jaeger.version","type":"string","value":"Go-2.30.0"}]}},"warnings":null}],"total":0,"limit":0,"offset":0,"errors":null}
