,name,value
0,device,cuda:0
1,parameters bytes,53321600
2,number parameters,13330400
3,training duration,5497.6056180000305
4,training evaluation duration,211.74967670440674
5,validation evaluation duration,54.061832904815674
6,testing evaluation duration,68.18792462348938
7,Operating system name,Linux
8,Operating system version,3.10.0-1160.83.1.el7.x86_64
9,Processor architecture,x86_64
10,Python version,"3.10.9 (main, Mar  8 2023, 10:47:38) [GCC 11.2.0]"
11,Processor model name,Intel(R) Xeon(R) Gold 6130 CPU @ 2.10GHz
12,Number cpu cores,32
13,Total physical memory,99980709888
14,GPU,Tesla T4
15,loss,<class 'pykeen.losses.NSSALoss'>
16,embedding_dim,200
17,learning_rate,0.05
18,optimizer,<class 'torch.optim.adam.Adam'>
19,num_epochs,2000
20,patience,20
