,name,value
0,device,cuda:0
1,parameters bytes,15572288
2,number parameters,3893072
3,training duration,162.5621702671051
4,training evaluation duration,15.360799551010132
5,validation evaluation duration,6.259169101715088
6,testing evaluation duration,6.276913404464722
7,Operating system name,Linux
8,Operating system version,3.10.0-1160.88.1.el7.x86_64
9,Processor architecture,x86_64
10,Python version,"3.10.9 (main, Mar  8 2023, 10:47:38) [GCC 11.2.0]"
11,Processor model name,Intel(R) Xeon(R) Gold 6130 CPU @ 2.10GHz
12,Number cpu cores,32
13,Total physical memory,99980713984
14,GPU,Tesla T4
15,loss,<class 'pykeen.losses.NSSALoss'>
16,embedding_dim,200
17,learning_rate,0.05
18,optimizer,<class 'torch.optim.adam.Adam'>
19,num_epochs,2000
20,patience,20
