,name,value
0,device,cuda:0
1,parameters bytes,10400
2,number parameters,2600
3,training duration,32.5906937122345
4,training evaluation duration,6.785530090332031
5,validation evaluation duration,2.5580482482910156
6,testing evaluation duration,2.5439577102661133
7,Operating system name,Linux
8,Operating system version,3.10.0-1160.83.1.el7.x86_64
9,Processor architecture,x86_64
10,Python version,"3.10.9 (main, Mar  8 2023, 10:47:38) [GCC 11.2.0]"
11,Processor model name,Intel(R) Xeon(R) Gold 6130 CPU @ 2.10GHz
12,Number cpu cores,32
13,Total physical memory,99980713984
14,GPU,Tesla T4
15,loss,<class 'pykeen.losses.NSSALoss'>
16,num_tokens,20
17,embedding_dim,200
18,learning_rate,0.001
19,optimizer,<class 'torch.optim.adam.Adam'>
20,num_epochs,200
21,patience,20
